type,year,title,authors,venue,doi
journal,2025,Data Paper: E-Defense Shake-Table Tests on a Steel Moment-Resisting Frame Supplemented With Spines and Force-Limiting Connections.,"Qie, Y.; Astudillo, B.; Duke, J.; Tao, Z.; Okazaki, T.; Fahnestock, L.; Sause, R.; Ricles, J.; Simpson, B.; Kurata, M.; Kawamata, Y.; Hattori, K.",Japan Architectural Review. 2025.,https://doi.org/10.1002/2475-8876.70036
journal,2023,Modeling uncertainty of specimens employing spines and force-limiting connections tested at E-defense shake table.,"Astudillo, B.; Rivera, D.; Duke, J.; Simpson, B.; Fahnestock, L.; Sause, R.; Ricles, J.; Kurata, M.; Okazaki, T.; Kawamata, Y.; Tao, Z.; Qie, Y.",Earthquake Engineering and Structural Dynamics. 2023.,https://doi.org/10.1002/eqe.3976
journal,2021,Seismic performance of steel moment frames considering the effects of column-base hysteretic behavior and gravity framing system.,"Torres-Rodas, P.; Flores, F.; Pozo, S.; Astudillo, B.",Soil Dynamics and Earthquake Engineering. 2021.,https://doi.org/10.1016/j.soildyn.2021.106654
journal,2021,Objective Phenomenological Constitutive Law for Collapse Analyses in Distributed Plasticity Steel-Frame Models.,"Pozo, S.; Astudillo, B.; Samaniego, E.; Flores, F.",Journal of Structural Engineering. 2021.,https://doi.org/10.1061/(ASCE)ST.1943-541X.0003027
journal,2021,Effective Modeling of Special Steel Moment Frames for the Evaluation of Seismically Induced Floor Accelerations.,"Flores, F.; Astudillo, B.; Pozo, S.",Journal of Structural Engineering. 2021.,https://doi.org/10.1061/(ASCE)ST.1943-541X.0002851
conference,2026,Assessment of modal pushover analysis as an estimate of nonlinear response history analysis in Strongback Braced Frames.,"Astudillo, B.; Simpson, B.","13th National Conference on Earthquake Engineering, 13NCEE, Portland, OR 2026.",
conference,2026,Proportioning and placement of Force-Limiting Connections in Frame-Spine specimens using stochastic simulations.,"Astudillo, B.; Barbosa, A.R.; Simpson, B.","13th National Conference on Earthquake Engineering, 13NCEE, Portland, OR 2026.",
conference,2026,Higher-mode response of Frame-Spine and Frame-Spine-FLC specimens tested at E-Defense shake table.,"Astudillo, B.; Simpson, B.; Fahnestock, L.; Sause, R.; Ricles, J.; Kurata, M.; Okazaki, T.; Kawamata, Y.; Tao, Z.; Duncan, J.; Qie, Y.","13th National Conference on Earthquake Engineering, 13NCEE, Portland, OR 2026.",
conference,2024,Higher-mode response of braced frames with elastic spines subjected to modal pushover analysis.,"Astudillo, B.; Simpson, B.","18th World Conference on Earthquake Engineering, WCEE2024, Milan, Italy 2024.",https://drive.google.com/file/d/1cTJrG7ILdpmwz2OltGMJCifpyu5wBCzN/view
conference,2024,Force Limiting Connections to Mitigate Accelerations in Moment Resisting Frames with Pinned-Base Spines.,"Duncan, J.; Astudillo, B.; Sause, R.; Ricles, J.; Fahnestock, L.; Simpson, B.; Kurata, M.; Kawamata, Y.; Okazaki, T.; Tao, Z.; Qie, Y.","Proceedings of the 11th International Conference on Behaviour of Steel Structures in Seismic Areas, STESSA2024, Salerno, Italy 2024.",https://doi.org/10.1007/978-3-031-62884-9_84
conference,2022,Numerical response estimations of a Frame-Spine-FLC system prior to experimental dynamic testing.,"Astudillo, B.; Rivera, D.; Simpson, B.; Fahnestock, L.; Sause, R.; Ricles, J.; Kurata, M.; Okazaki, T.; Kawamata, Y.; Tao, Z.; Duke, J.; Qie, Y.","The 10th International Conference on the Behaviour Of Steel Structures In Seismic Areas, Timisoara, Romania, 25-27 May 2022",https://doi.org/10.1007/978-3-031-03811-2_37
conference,2022,Design and Performance Comparison of Strongback Systems and Typical Chevron BRB Frames.,"Astudillo, B.; Panian, L.; Simpson, B.",12th National Conference in Earthquake Engineering, Earthquake Engineering Research Institute, "Salt Lake City, UT. 2022.",
conference,2022,Frame-Spine System with Force-Limiting Connections for Low-Damage Seismic-Resilient Buildings,"Fahnestock, L.; Sause, R.; Ricles, J.; Simpson, B.; Kurata, M.; Okazaki, T.; Kawamata, Y.; Tao, Z.; Duke, J.; Rivera, D.; Astudillo, B.; Qie, Y.","The 10th International Conference on the Behaviour Of Steel Structures In Seismic Areas, Timisoara, Romania, 25-27 May 2022",https://doi.org/10.1007/978-3-031-03811-2_88
conference,2021,U.S.-Japan collaboration for shake table testing of a Frame-Spine system with Force-Limiting Connections.,"Fahnestock, L.; Sause, R.; Ricles, J.; Simpson, B.; Kurata, M.; Okazaki, T.; Kawamata, Y.; Tao, Z.; Duke, J.; Rivera, D.; Astudillo, B.; Qie, Y.","17th WCEE World Conference on Earthquake Engineering: Sendai, Japan 2021.",http://publish.illinois.edu/fahnestock/files/2021/12/C004765.pdf
conference,2021,Full-Scale Seismic Stability Evaluation of a Frame-Spine System with Force-Limiting Connections.,"Fahnestock, L.; Sause, R.; Ricles, J.; Simpson, B.; Kurata, M.; Okazaki, T.; Kawamata, Y.; Tao, Z.; Duke, J.; Rivera, D.; Astudillo, B.; Qie, Y.","Proceedings of the Annual Stability Conference Structural Stability Research Council. Louisville, Kentucky.",https://experts.illinois.edu/en/publications/full-scale-seismic-stability-evaluation-of-a-frame-spine-system-w
conference,2020,An Evaluation Of The Current Approaches And Recommendations For More Rational Approaches For Assessing The Seismic Torsional Stability Of Buildings.,"Astudillo, B.; Flores, F.; Pozo, S.; Charney, F.","Presented at the XI International Conference on Structural Dynamics, Athens, Greece.",https://doi.org/10.47964/1120.9373.19605
conference,2020,Parametric Analysis And Comparison Of Models Used In The Analysis Of Steel Structures.,"Astudillo, B.; Pozo, S.; Flores, F.","Presented at the XI International Conference on Structural Dynamics, Athens, Greece.",https://doi.org/10.47964/1120.9300.19718
conference,2020,Gravity System Energy Dissipation Contribution In Seismic Performance Of Special Steel Moment Frames.,"Flores, F.; Pozo, S.; Astudillo, B.; Vazquez, J.","Presented at the XI International Conference on Structural Dynamics, Athens, Greece.",https://doi.org/10.47964/1120.9329.19506
conference,2020,Regularization Method To Include Material Softening In Fiber Beam-Column Elements For Seismic Performance Assessment Of Steel Frames.,"Samaniego, E.; Flores, F.; Astudillo, B.; Pozo, S.","Presented at the XI International Conference on Structural Dynamics, Athens, Greece.",https://doi.org/10.47964/1120.9298.19279
conference,2019,Level of Detail Required to Model Special Steel Moment Frames to Evaluate Floor Accelerations in Nonstructural Components.,"Flores F.; Astudillo, B.; Barrera, D.V.; Jerves, R.A.; Martinez, I.L.; Pozo, S.P.",Structures Congress 2019.,https://doi.org/10.1061/9780784482230.040
conference,2018,Structural behavior checks prior to performing nonlinear dynamic analysis.,"Flores, F.; Charney, F.; Pozo, S.; Astudillo, B.","11th US National Conference on Earthquake Engineering (11NCEE). Los Angeles, CA.",
dataset,2025,E-Defense shake-table test data.,"Fahnestock, L.; Y. Qie; Astudillo, B.; J. Duncan; Z. Tao; T. Okazaki; R. Sause; J. Ricles; B. Simpson; M. Kurata; Y. Kawamata; K. Hattori",Collaborative Research: Frame-Spine System with Force-Limiting Connections for Low-Damage Seismic Resilient Buildings. DesignSafe-CI. 2025.,https://doi.org/10.17603/ds2-e159-v458
report,2022,Numerical Characterization and Modeling Uncertainty of Frame-Spine and Frame-Spine-FLC Full-Scale Specimens Tested at E-Defense Shake-Table.,"Astudillo, B.","Master thesis. 2022. Oregon State University, Corvallis, OR.",
report,2018,Modeling and Performance Analysis of a Steel Structure, considering deteriorations for collapse prediction.,"Astudillo, B.","Undergraduate Thesis. 2018. Universidad de Cuenca, Cuenca, Ecuador.",
presentation,2021,Preliminary numerical analysis prior to a shake-table test of a Moment Resisting Frame with strongback columns and force limiting connections.,"Astudillo, B.; Simpson B.","EERI Annual Meeting. 2021. Poster Presentation.",
